sample,NE_median_gene_level_ratio,E_median_gene_level_ratio,autosome_median_gene_level_ratio,ratio_ne_e,ratio_ne_a,ratio_e_a,XIST_TPM,Classification,Secondary_Class
TCGA-KL-8342-01,0.749380182,0.632814361,0.925368791,1.184202237,0.809817869,0.683850987,2.871092875,KICH,
TCGA-KL-8334-01,1.109877514,0.998609284,1,1.111423187,1.109877514,0.998609284,2.34095954,KICH,
TCGA-KO-8417-01,1.195048489,1,1,1.195048489,1.195048489,1,2.000970642,KICH,
TCGA-KL-8330-01,1.088326061,0.868111258,1,1.253671175,1.088326061,0.868111258,0.891001645,KICH,
TCGA-KL-8329-01,1.082418892,0.940073682,1,1.151419206,1.082418892,0.940073682,1.291009843,KICH,
TCGA-KN-8421-01,0.901592275,0.826981167,1,1.090221048,0.901592275,0.826981167,1.611048582,KICH,
TCGA-KM-8438-01,0.545884424,0.49383269,0.695877237,1.105403581,0.784455066,0.709654899,2.060936422,KICH,
TCGA-KN-8418-01,1.112686951,0.889984486,1,1.25023185,1.112686951,0.889984486,1.161025774,KICH,
TCGA-KL-8336-01,1.150092165,0.902764514,1,1.273966961,1.150092165,0.902764514,1.80100227,KICH,
TCGA-KN-8431-01,0.5920795,0.512018754,0.758694094,1.156362918,0.780392921,0.674868512,2.070960447,KICH,
TCGA-KL-8324-01,0.713912359,0.562568051,0.991462421,1.269024001,0.720059928,0.567412379,1.281026216,KICH,
TCGA-DA-A1I8-06,1,0.701473808,0.941521795,1.425569976,1.062110304,0.74504256,2.970899907,SKCM,
TCGA-YG-AA3P-06,0.975310007,0.865725556,0.518533631,1.126581052,1.880900194,1.669564912,1.740980447,SKCM,
TCGA-GF-A3OT-06,0.812412503,0.449681804,0.661151656,1.806638596,1.228783889,0.680149252,2.891062905,SKCM,
TCGA-FS-A4F0-06,1.386048676,0.912098209,1,1.519626574,1.386048676,0.912098209,2.761017439,SKCM,
TCGA-FS-A1Z3-06,0.961117398,0.808352204,0.913517979,1.188983456,1.052105618,0.884878265,2.021042976,SKCM,
TCGA-EB-A3Y7-01,0.329886362,0.198941475,0.422571177,1.658208081,0.780664607,0.470788085,0.710989422,SKCM,
TCGA-BF-A3DL-01,0.43518074,0.345302234,0.431659813,1.260289386,1.008156717,0.799940656,2.361003205,SKCM,
TCGA-EE-A2GU-06,1.171735472,0.975435151,0.928943674,1.201243846,1.261363315,1.050047681,2.81103224,SKCM,
TCGA-BF-A1PZ-01,0.821016645,0.808851618,0.701725928,1.015039875,1.169996166,1.152660299,0.650986712,SKCM,
TCGA-D3-A1Q1-06,0.442910081,0.297675659,0.575792693,1.487894855,0.769217961,0.516984086,1.211000953,SKCM,
TCGA-EB-A4OY-01,0.179111092,0.212927493,0.331895807,0.841183492,0.539660605,0.641549211,2.490956797,SKCM,
TCGA-Z2-AA3V-06,0.284143403,0.200221679,0.396705737,1.419144043,0.716257358,0.504710823,1.811016888,SKCM,
TCGA-FR-A3YO-06,0.340738661,0.338406447,0.401486809,1.006891754,0.848692045,0.842883102,1.330990247,SKCM,
TCGA-EB-A6QZ-01,0.842433955,0.641091982,0.742628642,1.314060975,1.134394645,0.863273978,1.63104886,SKCM,
TCGA-WE-AAA4-06,0.395419213,0.333917916,0.45379,1.184180886,0.871370486,0.735842385,2.901099948,SKCM,
TCGA-EB-A5SF-01,0.219810254,0.131719757,0.327899739,1.668772093,0.670358124,0.401707416,0.660989839,SKCM,
TCGA-EE-A29R-06,0.836265392,0.57019555,0.807795936,1.466629109,1.035243376,0.705865831,2.251052961,SKCM,
TCGA-FW-A3TU-06,0.373915371,0.181990938,0.39011514,2.054582365,0.95847439,0.466505704,1.091036979,SKCM,
TCGA-EE-A185-06,0.733803327,0.588728247,0.602240796,1.24642113,1.21845503,0.97756288,0.590987696,SKCM,
TCGA-33-4589-01,0.235895921,0.129421034,0.228210912,1.822701568,1.033675029,0.567111506,0.330999284,LUSC,
TCGA-18-3411-01,0.556319406,0.430347595,0.471593728,1.292721077,1.179658195,0.912538843,2.141022564,LUSC,
TCGA-77-7140-01,0.774758246,0.53409259,0.446360062,1.450606619,1.735724837,1.196551026,0.921017197,LUSC,
TCGA-66-2778-01,0.420982716,0.372490036,0.360457193,1.130185175,1.167913206,1.033382169,1.161025774,LUSC,
TCGA-56-7823-01,0.892597894,0.648305832,0.680817323,1.376816078,1.311068129,0.952246381,2.130954811,LUSC,
TCGA-49-4505-01,0.639332716,0.477266008,0.611321761,1.339573119,1.045820314,0.780711629,0.000999989,LUAD,
TCGA-38-4628-01,0.554196476,0.553048805,0.519593246,1.002075172,1.066596766,1.064387979,2.141022564,LUAD,
TCGA-13-0906-01,0.837396722,0.822891516,0.674479435,1.017627119,1.241545225,1.220039446,1.870987604,OV,
TCGA-59-2350-01,1.177611237,0.884940822,0.784059573,1.330723149,1.501941023,1.128665286,2.281053051,OV,
TCGA-09-2051-01,1.15369993,0.965679231,0.887689989,1.194703057,1.299665361,1.087856395,2.761017439,OV,
TCGA-29-2425-01,0.424042307,0.417965828,0.570311754,1.014538218,0.74352721,0.732872547,0.561010625,OV,
TCGA-OY-A56P-01,1.064951135,0.793950278,0.989843448,1.341332278,1.075878349,0.802096816,1.691027358,OV,
TCGA-13-1489-09,0.762184045,0.571029438,0.581218342,1.334754383,1.311355802,0.982469748,1.530974871,OV,
TCGA-04-1655-01,0.482426497,0.273992872,0.526869885,1.760726451,0.915646369,0.520038969,2.541006384,OV,
TCGA-13-1498-01,0.606706407,0.548854188,0.544627275,1.105405445,1.113984618,1.007761111,2.291035796,OV,
TCGA-20-0991-01,0.416449026,0.198116112,0.385859365,2.102045222,1.07927671,0.513441243,2.891062905,OV,
TCGA-09-1661-01,0.319276907,0.231871873,0.392637613,1.37695402,0.81315925,0.590549314,1.311029365,OV,
TCGA-04-1364-01,0.835459349,0.722814774,0.748423267,1.155841551,1.116292592,0.965783409,1.271031689,OV,
TCGA-29-1702-01,1.061111794,0.535532523,0.834433493,1.981414288,1.271655324,0.64179174,0.39098902,OV,
TCGA-29-1761-01,0.437454215,0.332576625,0.434324526,1.315348651,1.007205877,0.765733006,0.850981692,OV,
TCGA-24-1560-01,0.749894206,0.613511028,0.789135252,1.222299474,0.950273358,0.777447246,2.130954811,OV,
TCGA-04-1542-01,0.369029731,0.289653738,0.473955089,1.274037525,0.778617509,0.61114174,1.000970877,OV,
TCGA-24-1430-01,1.184887447,0.971715073,0.835393497,1.219377449,1.418358476,1.163182472,1.910963205,OV,
TCGA-24-1469-01,1.334609595,1.262405244,0.899241243,1.057195858,1.484150783,1.403856033,2.141022564,OV,
TCGA-09-1674-01,1.564120908,1.394636458,1,1.121525899,1.564120908,1.394636458,1.771043932,OV,
TCGA-24-1471-01,0.447648589,0.395603179,0.518403282,1.131559636,0.863514188,0.763118585,2.361003205,OV,
TCGA-24-1553-01,0.657327783,0.522573787,0.623420526,1.25786597,1.054389061,0.838236415,1.561031879,OV,
TCGA-09-0367-01,0.332267223,0.231414411,0.396713523,1.435810423,0.837549526,0.583328769,0.590987696,OV,
TCGA-61-1910-01,0.737394702,0.652259292,0.718302337,1.130523875,1.026579845,0.908056759,2.901099948,OV,
TCGA-13-0801-01,0.520727847,0.612306756,0.461518798,0.850436227,1.128291739,1.326721162,1.890935299,OV,
TCGA-61-1907-01,0.701866705,0.604260736,0.550274706,1.161529557,1.275484222,1.098107417,2.560987125,OV,
TCGA-25-2391-01,1.057597529,0.907908408,0.815055458,1.164872492,1.297577384,1.113922248,2.560987125,OV,
TCGA-23-1022-01,0.231347803,0.228562556,0.32842184,1.012185927,0.704422711,0.695942012,1.500975054,OV,
TCGA-24-1431-01,0.343636037,0.299250955,0.436961934,1.148320603,0.786420991,0.684844449,1.80100227,OV,
TCGA-09-2044-01,0.921019191,0.642805213,0.642182879,1.432812262,1.434200788,1.000969092,0.740976657,OV,
TCGA-25-1312-01,0.52776173,0.493950543,0.717268385,1.068450553,0.735793939,0.688655116,2.740995577,OV,
TCGA-29-1785-01,0.767154805,0.69506713,0.632073609,1.103713256,1.213711179,1.099661685,1.841013237,OV,
TCGA-29-1701-01,0.638289282,0.547374111,0.521723539,1.166093298,1.223424351,1.049165066,2.40094108,OV,
TCGA-25-1314-01,0.576413337,0.489634697,0.693646305,1.177231394,0.83099028,0.705885252,2.990942137,OV,
TCGA-20-1684-01,0.761842047,0.631294802,0.821755273,1.20679284,0.927091157,0.76822726,1.17096666,OV,
TCGA-24-1549-01,1.110639998,1.539766033,0.838464868,0.72130439,1.324611251,1.836410912,2.050960917,OV,
TCGA-04-1350-01,0.332131125,0.265660949,0.400221799,1.250206798,0.829867653,0.663784306,0.60098463,OV,
TCGA-29-2428-01,0.751470527,0.604908437,0.580067008,1.242288058,1.29548917,1.042825102,1.991009355,OV,
TCGA-25-1633-01,0.995796899,1.149815688,0.877150253,0.86604915,1.135263765,1.310853738,2.251052961,OV,
TCGA-25-1634-01,0.317937675,0.3062962,0.509911361,1.038007248,0.623515574,0.600685185,2.410947106,OV,
TCGA-13-1507-01,0.440533598,0.47587794,0.46983697,0.925728134,0.937630766,1.012857588,2.211001494,OV,
TCGA-29-1769-01,0.618079285,0.616804065,0.519641591,1.002067464,1.189433825,1.186979787,1.870987604,OV,
TCGA-36-1571-01,0.650440223,0.514330971,0.818959262,1.264633591,0.794227812,0.628029983,2.40094108,OV,
TCGA-25-1870-01,0.000153507,0.000131596,0.003717697,1.166503781,0.041290885,0.035397183,0.000999989,OV,
TCGA-29-1705-09,0.645380519,0.509399113,0.592340963,1.266944723,1.089542273,0.859976171,2.325974902,OV,
TCGA-29-1697-01,1.389359603,1.163164483,0.953029606,1.194465291,1.457834672,1.220491447,0.671007129,OV,
TCGA-61-1917-01,0.774861899,0.701547727,0.652065421,1.104503469,1.188319261,1.075885493,0.710989422,OV,
TCGA-13-0730-01,0.908111148,0.561150856,0.640807058,1.618301277,1.41713662,0.875693938,1.281026216,OV,
TCGA-61-2101-01,0.607806149,0.516400193,0.677925144,1.177006047,0.896568234,0.761736303,1.781015411,OV,
TCGA-10-0937-01,0.385376764,0.423762135,0.362818588,0.909417648,1.062174808,1.167972505,2.150988781,OV,
TCGA-25-1627-01,0.784942832,0.769462097,0.757997421,1.020118906,1.035548157,1.015124954,0.781003003,OV,
TCGA-10-0938-01,0.535015167,0.567814266,0.54210385,0.94223622,0.986923755,1.047427105,2.81103224,OV,
TCGA-04-1347-01,0.367164732,0.218616954,0.492253366,1.679488833,0.745885671,0.444114696,1.180992661,OV,
TCGA-61-1738-01,0.752719926,0.567644089,0.595878015,1.32604204,1.263211441,0.952617943,1.081025084,OV,
TCGA-24-2290-01,0.937108002,0.740560856,0.730743134,1.2654031,1.282404115,1.013435257,2.661058082,OV,
TCGA-13-0923-01,0.504208513,0.534918638,0.516727564,0.942589167,0.975772434,1.035204381,0.740976657,OV,
TCGA-24-1603-01,1.150963078,1.022058481,0.798657114,1.126122525,1.441122927,1.279721251,0.960994447,OV,
TCGA-24-1555-01,0.797043718,0.690375503,0.601893921,1.154507533,1.32422623,1.147005276,0.610981245,OV,
TCGA-13-1410-01,0.973458417,0.819130422,0.738230135,1.188404669,1.318638147,1.109586812,2.901099948,OV,
TCGA-25-1877-01,0.424115985,0.3263191,0.504280083,1.29969709,0.841032591,0.647098926,0.371002291,OV,
TCGA-13-1506-01,0.913078768,0.733734491,0.671142871,1.244426669,1.360483449,1.093261245,0.621014991,OV,
TCGA-30-1853-01,0.412141551,0.322050286,0.431677718,1.279742849,0.954743629,0.746043339,0.201004541,OV,
TCGA-13-0887-01,0.708294225,0.957315659,0.504786031,0.739875315,1.403157341,1.896478112,2.530986829,OV,
TCGA-29-1777-01,0.462594714,0.355667247,0.386378968,1.300639059,1.197256456,0.920513994,1.80100227,OV,
TCGA-24-1552-01,0.574325662,0.502161668,0.625371413,1.143706696,0.918375305,0.802981488,0.480997066,OV,
TCGA-13-1492-01,1.006045506,0.898002143,0.800697957,1.120315262,1.256460688,1.121524209,2.150988781,OV,
TCGA-61-2102-01,1.150437276,0.797076615,0.988455342,1.443320823,1.163873801,0.806386066,1.991009355,OV,
TCGA-BP-4770-01,0.962726665,0.932035316,0.60483798,1.032929384,1.591710006,1.540966915,2.580946077,KIRC,
TCGA-CJ-4923-01,0.811683339,0.602945715,0.827629854,1.346196381,0.980732311,0.728520983,0.000999989,KIRC,
TCGA-BP-4768-01,0.938438905,0.699611358,0.784483348,1.341371741,1.196250892,0.891811611,0.071001829,KIRC,
TCGA-A3-3374-01,0.48492886,0.333477117,0.407051486,1.454159329,1.191320697,0.81925046,1.650954088,KIRC,
TCGA-DX-A1KX-01,0.685816057,0.579497385,0.600933402,1.183467044,1.141251351,0.964328798,1.230973752,SARC,
TCGA-JV-A75J-01,0.739701521,0.786112635,0.627760775,0.940961241,1.178317522,1.252248733,0.220997201,SARC,
TCGA-AJ-A3BG-01,0.561914007,0.593973375,0.487711817,0.946025582,1.152143515,1.21787776,1.200969906,UCEC,
TCGA-HF-A5NB-01,0.764960066,0.554018708,0.598912332,1.380747718,1.277248814,0.92504141,2.901099948,STAD,
TCGA-BR-7707-01,0.596990276,0.685039572,0.418604279,0.871468307,1.426144705,1.636484877,1.680977017,STAD,
TCGA-CR-7399-01,1.328403099,0.980510112,0.882119657,1.354808158,1.505921661,1.111538672,2.910970058,HNSC,
TCGA-CV-7095-01,0.719172388,0.750499477,0.649991542,0.958258347,1.106433456,1.154629604,1.841013237,HNSC,
TCGA-CV-5973-01,0.387655126,0.364126427,0.419351513,1.064616839,0.924415708,0.868308366,1.970962052,HNSC,
TCGA-CR-7379-01,1.013371599,0.892020941,0.803646718,1.136040145,1.260966512,1.109966508,2.921076214,HNSC,
TCGA-CN-4731-01,0.729684396,0.600500491,0.710352078,1.21512706,1.027215121,0.84535614,1.261027729,HNSC,
TCGA-CV-6953-01,0.463264981,0.41606731,0.482161032,1.113437587,0.960809668,0.862921892,1.811016888,HNSC,
TCGA-N7-A4Y8-01,0.425246918,0.265675413,0.409888435,1.600625791,1.037469911,0.648165184,2.010981765,UCS,
TCGA-N5-A4RM-01,0.628795685,0.454392864,0.589593397,1.383815053,1.066490378,0.770688522,2.490956797,UCS,
TCGA-N8-A4PL-01,0.568015946,0.411000775,0.775864323,1.382031325,0.732107315,0.529732793,1.340991414,UCS,
TCGA-EK-A2GZ-01,0.607785686,0.608492188,0.64554547,0.998838929,0.941507166,0.942601592,2.251052961,CESC,
TCGA-AB-2854-03,0.728785491,0.635841765,0.731050872,1.146174301,0.996901199,0.869764047,0.880991497,LAML,
TCGA-BQ-7049-01,0.822283194,0.573238651,0.747845949,1.434451764,1.099535533,0.766519698,0.100998096,KIRP,
TCGA-BQ-5891-01,1.613527263,1.043066534,0.860288447,1.546907326,1.875565421,1.212461399,1.520978753,KIRP,
TCGA-DZ-6133-01,0.967106076,0.808841103,0.999495731,1.195668806,0.967594004,0.809249182,2.630979487,KIRP,
TCGA-CK-6748-01,1.081629983,0.954423707,0.752469874,1.133280717,1.437439584,1.268387932,1.261027729,COAD,
TCGA-AZ-4313-01,0.542596411,0.832581254,0.567169782,0.651703853,0.956673695,1.467957709,2.81103224,COAD,
TCGA-CM-5861-01,0.658089685,0.674989664,0.640357694,0.974962612,1.02769076,1.054082227,2.610995552,COAD,
TCGA-32-4213-01,0.279208446,0.26015993,0.30332781,1.073218484,0.920484165,0.857685716,2.891062905,GBM,
TCGA-14-0871-01,0.966466523,0.69509938,0.669301622,1.390400498,1.443992501,1.038544293,2.740995577,GBM,
TCGA-V4-A9EY-01,0.373787096,0.406750902,0.551208544,0.918958248,0.678122827,0.737925612,0.511001701,UVM,
TCGA-VD-A8KN-01,1.143996802,0.98454812,1,1.161951132,1.143996802,0.98454812,2.081033227,UVM,
TCGA-YZ-A983-01,0.695585764,0.664877824,0.821945429,1.046185838,0.846267574,0.808907502,0.641001661,UVM,
TCGA-V4-A9EZ-01,0.289486382,0.358013327,0.375270506,0.808591078,0.771407231,0.954014028,1.531027292,UVM,
TCGA-V4-A9EX-01,1.281563765,1.068698886,1,1.199181343,1.281563765,1.068698886,1.82096097,UVM,
TCGA-VD-A8KE-01,0.771078283,0.649746874,0.88832264,1.186736425,0.868016021,0.731431177,1.030968319,UVM,
TCGA-VD-AA8R-01,0.882371489,0.67269339,0.915048377,1.311699359,0.964289442,0.735145165,0.280991813,UVM,
TCGA-WC-AA9A-01,0.676283618,0.651067747,0.795517691,1.038730025,0.850117635,0.818420199,0.561010625,UVM,
TCGA-RZ-AB0B-01,1.281669624,1.03223816,1,1.24164139,1.281669624,1.03223816,1.691027358,UVM,
TCGA-VD-A8K8-01,1.178422647,0.979913099,1,1.202578727,1.178422647,0.979913099,1.930935535,UVM,
TCGA-OR-A5KV-01,0.759382379,0.635648707,0.905553512,1.194657317,0.838583661,0.701944941,2.51106609,ACC,
TCGA-OR-A5J3-01,1.063378069,0.94109882,0.815706385,1.129932422,1.303628473,1.153722513,2.701011907,ACC,
TCGA-OR-A5KW-01,1.024199351,1.280685211,0.857713704,0.799727632,1.194103984,1.493138334,2.860961335,ACC,
TCGA-AN-A0FJ-01,0.465561338,0.347499134,0.406597374,1.339748196,1.145018064,0.854651693,2.171060606,BRCA,
TCGA-AO-A124-01,1.04189356,0.819254604,0.649121914,1.271757956,1.605081476,1.262096667,2.761017439,BRCA,
TCGA-A8-A07R-01,0.809434089,0.781674889,0.574192473,1.035512461,1.409691222,1.361346457,2.98100749,BRCA,
TCGA-A2-A0YJ-01,0.513851958,0.427225586,0.484564488,1.202764943,1.06044081,0.881669203,2.610995552,BRCA,
TCGA-A1-A0SO-01,1.045970119,1.157118445,0.639575075,0.903943865,1.635414136,1.809198779,2.85106316,BRCA,
TCGA-AC-A2BK-01,1.132316653,0.751879402,0.612570603,1.505981745,1.848467177,1.227416723,1.571018315,BRCA,